,all_names,all_links
0,范龙振,https://www.fdsm.fudan.edu.cn/AboutUs/preview.html?uid=1794
1,方曙红,https://www.fdsm.fudan.edu.cn/AboutUs/preview.html?uid=1795
2,胡畏,https://www.fdsm.fudan.edu.cn/AboutUs/preview.html?uid=1802
3,黄建兵,https://www.fdsm.fudan.edu.cn/AboutUs/preview.html?uid=1806
4,蒋肖虹,https://www.fdsm.fudan.edu.cn/AboutUs/preview.html?uid=160528
5,孔爱国,https://www.fdsm.fudan.edu.cn/AboutUs/preview.html?uid=1
6,劳兰珺,https://www.fdsm.fudan.edu.cn/AboutUs/preview.html?uid=1810
7,李隽业,https://www.fdsm.fudan.edu.cn/AboutUs/preview.html?uid=172921
8,罗妍,https://www.fdsm.fudan.edu.cn/AboutUs/preview.html?uid=121356
9,马成虎,https://www.fdsm.fudan.edu.cn/AboutUs/preview.html?uid=119014
10,任浩瀚,https://www.fdsm.fudan.edu.cn/AboutUs/preview.html?uid=164013
11,孙谦,https://www.fdsm.fudan.edu.cn/AboutUs/preview.html?uid=119396
12,王克敏,https://www.fdsm.fudan.edu.cn/AboutUs/preview.html?uid=46709
13,王小卒,https://www.fdsm.fudan.edu.cn/AboutUs/preview.html?uid=3039
14,徐剑刚,https://www.fdsm.fudan.edu.cn/AboutUs/preview.html?uid=1842
15,徐莉,https://www.fdsm.fudan.edu.cn/AboutUs/preview.html?uid=1841
16,张娜,https://www.fdsm.fudan.edu.cn/AboutUs/preview.html?uid=135719
17,张晓蓉,https://www.fdsm.fudan.edu.cn/AboutUs/preview.html?uid=1887
18,朱祁,https://www.fdsm.fudan.edu.cn/AboutUs/preview.html?uid=131152
19,白让让,https://www.fdsm.fudan.edu.cn/AboutUs/preview.html?uid=3635
20,从佳佳,https://www.fdsm.fudan.edu.cn/AboutUs/preview.html?uid=164012
21,伏啸,https://www.fdsm.fudan.edu.cn/AboutUs/preview.html?uid=158252
22,古定威,https://www.fdsm.fudan.edu.cn/AboutUs/preview.html?uid=174948
23,管锡展,https://www.fdsm.fudan.edu.cn/AboutUs/preview.html?uid=14299
24,李玲芳,https://www.fdsm.fudan.edu.cn/AboutUs/preview.html?uid=139822
25,李治国,https://www.fdsm.fudan.edu.cn/AboutUs/preview.html?uid=3047
26,刘明宇,https://www.fdsm.fudan.edu.cn/AboutUs/preview.html?uid=57427
27,陆卓然,https://www.fdsm.fudan.edu.cn/AboutUs/preview.html?uid=164017
28,罗云辉,https://www.fdsm.fudan.edu.cn/AboutUs/preview.html?uid=36578
29,骆品亮,https://www.fdsm.fudan.edu.cn/AboutUs/preview.html?uid=1821
30,芮明杰,https://www.fdsm.fudan.edu.cn/AboutUs/preview.html?uid=1825
31,邵翔,https://www.fdsm.fudan.edu.cn/AboutUs/preview.html?uid=158258
32,沈煌南,https://www.fdsm.fudan.edu.cn/AboutUs/preview.html?uid=174949
33,吴乐珍,https://www.fdsm.fudan.edu.cn/AboutUs/preview.html?uid=164010
34,姚志勇,https://www.fdsm.fudan.edu.cn/AboutUs/preview.html?uid=91991
35,张洁,https://www.fdsm.fudan.edu.cn/AboutUs/preview.html?uid=14414
36,Jelmer Pier van der Gaast,https://www.fdsm.fudan.edu.cn/AboutUs/preview.html?uid=167491
37,陈祥锋,https://www.fdsm.fudan.edu.cn/AboutUs/preview.html?uid=3462
38,戴锡,https://www.fdsm.fudan.edu.cn/AboutUs/preview.html?uid=3449
39,戴悦,https://www.fdsm.fudan.edu.cn/AboutUs/preview.html?uid=14300
40,冯天俊,https://www.fdsm.fudan.edu.cn/AboutUs/preview.html?uid=91947
41,官辉琪,https://www.fdsm.fudan.edu.cn/AboutUs/preview.html?uid=164015
42,洪流,https://www.fdsm.fudan.edu.cn/AboutUs/preview.html?uid=164011
43,胡建强,https://www.fdsm.fudan.edu.cn/AboutUs/preview.html?uid=91946
44,胡奇英,https://www.fdsm.fudan.edu.cn/AboutUs/preview.html?uid=60894
45,李旭,https://www.fdsm.fudan.edu.cn/AboutUs/preview.html?uid=3038
46,宁钟,https://www.fdsm.fudan.edu.cn/AboutUs/preview.html?uid=1875
47,田林,https://www.fdsm.fudan.edu.cn/AboutUs/preview.html?uid=164016
48,王安宇,https://www.fdsm.fudan.edu.cn/AboutUs/preview.html?uid=1879
49,吴肖乐,https://www.fdsm.fudan.edu.cn/AboutUs/preview.html?uid=127528
50,徐以汎,https://www.fdsm.fudan.edu.cn/AboutUs/preview.html?uid=1843
51,徐禛,https://www.fdsm.fudan.edu.cn/AboutUs/preview.html?uid=172908
52,叶耀华,https://www.fdsm.fudan.edu.cn/AboutUs/preview.html?uid=1852
53,殷志文,https://www.fdsm.fudan.edu.cn/AboutUs/preview.html?uid=23
54,虞嘉怡,https://www.fdsm.fudan.edu.cn/AboutUs/preview.html?uid=172924
55,翟丽,https://www.fdsm.fudan.edu.cn/AboutUs/preview.html?uid=1858
56,张骏,https://www.fdsm.fudan.edu.cn/AboutUs/preview.html?uid=138753
57,张显东,https://www.fdsm.fudan.edu.cn/AboutUs/preview.html?uid=1861
58,张永跃,https://www.fdsm.fudan.edu.cn/AboutUs/preview.html?uid=57559
59,周蓉,https://www.fdsm.fudan.edu.cn/AboutUs/preview.html?uid=14
60,曹利,https://www.fdsm.fudan.edu.cn/AboutUs/preview.html?uid=1869
61,陈超,https://www.fdsm.fudan.edu.cn/AboutUs/preview.html?uid=91953
62,方军雄,https://www.fdsm.fudan.edu.cn/AboutUs/preview.html?uid=16127
63,洪剑峭,https://www.fdsm.fudan.edu.cn/AboutUs/preview.html?uid=1801
64,黄蓉,https://www.fdsm.fudan.edu.cn/AboutUs/preview.html?uid=170500
65,李远鹏,https://www.fdsm.fudan.edu.cn/AboutUs/preview.html?uid=57426
66,娄贺统,https://www.fdsm.fudan.edu.cn/AboutUs/preview.html?uid=1873
67,吕长江,https://www.fdsm.fudan.edu.cn/AboutUs/preview.html?uid=36671
68,倪晨凯,https://www.fdsm.fudan.edu.cn/AboutUs/preview.html?uid=152153
69,祁新娥,https://www.fdsm.fudan.edu.cn/AboutUs/preview.html?uid=4
70,施海娜,https://www.fdsm.fudan.edu.cn/AboutUs/preview.html?uid=111838
71,徐浩萍,https://www.fdsm.fudan.edu.cn/AboutUs/preview.html?uid=57560
72,徐志翰,https://www.fdsm.fudan.edu.cn/AboutUs/preview.html?uid=1844
73,原红旗,https://www.fdsm.fudan.edu.cn/AboutUs/preview.html?uid=91954
74,张春秋,https://www.fdsm.fudan.edu.cn/AboutUs/preview.html?uid=164014
75,张新,https://www.fdsm.fudan.edu.cn/AboutUs/preview.html?uid=121355
76,周易,https://www.fdsm.fudan.edu.cn/AboutUs/preview.html?uid=146988
77,朱振梅,https://www.fdsm.fudan.edu.cn/AboutUs/preview.html?uid=133520
78,Lorna Doucet,https://www.fdsm.fudan.edu.cn/AboutUs/preview.html?uid=138752
79,李绪红,https://www.fdsm.fudan.edu.cn/AboutUs/preview.html?uid=1814
80,李元旭,https://www.fdsm.fudan.edu.cn/AboutUs/preview.html?uid=1815
81,刘圣明,https://www.fdsm.fudan.edu.cn/AboutUs/preview.html?uid=167493
82,罗殿军,https://www.fdsm.fudan.edu.cn/AboutUs/preview.html?uid=1820
83,马胜辉,https://www.fdsm.fudan.edu.cn/AboutUs/preview.html?uid=167492
84,彭贺,https://www.fdsm.fudan.edu.cn/AboutUs/preview.html?uid=16129
85,孙金云,https://www.fdsm.fudan.edu.cn/AboutUs/preview.html?uid=132862
86,唐跃军,https://www.fdsm.fudan.edu.cn/AboutUs/preview.html?uid=57229
87,卫田,https://www.fdsm.fudan.edu.cn/AboutUs/preview.html?uid=131129
88,吴冬媛,https://www.fdsm.fudan.edu.cn/AboutUs/preview.html?uid=172925
89,吴哲颖,https://www.fdsm.fudan.edu.cn/AboutUs/preview.html?uid=149840
90,徐笑君,https://www.fdsm.fudan.edu.cn/AboutUs/preview.html?uid=1883
91,姚凯,https://www.fdsm.fudan.edu.cn/AboutUs/preview.html?uid=1851
92,余光胜,https://www.fdsm.fudan.edu.cn/AboutUs/preview.html?uid=1855
93,曾成桦,https://www.fdsm.fudan.edu.cn/AboutUs/preview.html?uid=85324
94,张青,https://www.fdsm.fudan.edu.cn/AboutUs/preview.html?uid=2963
95,赵优珍,https://www.fdsm.fudan.edu.cn/AboutUs/preview.html?uid=1889
96,郑琴琴,https://www.fdsm.fudan.edu.cn/AboutUs/preview.html?uid=16130
97,褚荣伟,https://www.fdsm.fudan.edu.cn/AboutUs/preview.html?uid=116956
98,范秀成,https://www.fdsm.fudan.edu.cn/AboutUs/preview.html?uid=56189
99,何雁群,https://www.fdsm.fudan.edu.cn/AboutUs/preview.html?uid=85339
100,洪伟萍,https://www.fdsm.fudan.edu.cn/AboutUs/preview.html?uid=147074
101,蒋青云,https://www.fdsm.fudan.edu.cn/AboutUs/preview.html?uid=1808
102,金立印,https://www.fdsm.fudan.edu.cn/AboutUs/preview.html?uid=68726
103,刘刚,https://www.fdsm.fudan.edu.cn/AboutUs/preview.html?uid=1817
104,陆雄文,https://www.fdsm.fudan.edu.cn/AboutUs/preview.html?uid=13
105,裘理瑾,https://www.fdsm.fudan.edu.cn/AboutUs/preview.html?uid=1876
106,孙一民,https://www.fdsm.fudan.edu.cn/AboutUs/preview.html?uid=31
107,肖莉,https://www.fdsm.fudan.edu.cn/AboutUs/preview.html?uid=137955
108,谢晓燕,https://www.fdsm.fudan.edu.cn/AboutUs/preview.html?uid=15975
109,徐倩,https://www.fdsm.fudan.edu.cn/AboutUs/preview.html?uid=149761
110,张洁,https://www.fdsm.fudan.edu.cn/AboutUs/preview.html?uid=1886
111,张杏,https://www.fdsm.fudan.edu.cn/AboutUs/preview.html?uid=137954
112,张喆,https://www.fdsm.fudan.edu.cn/AboutUs/preview.html?uid=56083
113,赵伟韬,https://www.fdsm.fudan.edu.cn/AboutUs/preview.html?uid=37318
114,邹德强,https://www.fdsm.fudan.edu.cn/AboutUs/preview.html?uid=91956
115,冯项楠,https://www.fdsm.fudan.edu.cn/AboutUs/preview.html?uid=172920
116,刚博文,https://www.fdsm.fudan.edu.cn/AboutUs/preview.html?uid=172918
117,胡瑾瑾,https://www.fdsm.fudan.edu.cn/AboutUs/preview.html?uid=3638
118,黄达,https://www.fdsm.fudan.edu.cn/AboutUs/preview.html?uid=138936
119,黎德元,https://www.fdsm.fudan.edu.cn/AboutUs/preview.html?uid=91949
120,刘彬,https://www.fdsm.fudan.edu.cn/AboutUs/preview.html?uid=172919
121,沈家,https://www.fdsm.fudan.edu.cn/AboutUs/preview.html?uid=1827
122,沈娟,https://www.fdsm.fudan.edu.cn/AboutUs/preview.html?uid=141685
123,吴尚,https://www.fdsm.fudan.edu.cn/AboutUs/preview.html?uid=172917
124,夏寅,https://www.fdsm.fudan.edu.cn/AboutUs/preview.html?uid=152703
125,肖志国,https://www.fdsm.fudan.edu.cn/AboutUs/preview.html?uid=91951
126,徐勤丰,https://www.fdsm.fudan.edu.cn/AboutUs/preview.html?uid=16131
127,郁文,https://www.fdsm.fudan.edu.cn/AboutUs/preview.html?uid=118718
128,张新生,https://www.fdsm.fudan.edu.cn/AboutUs/preview.html?uid=1862
129,郑明,https://www.fdsm.fudan.edu.cn/AboutUs/preview.html?uid=1863
130,周健,https://www.fdsm.fudan.edu.cn/AboutUs/preview.html?uid=1890
131,朱仲义,https://www.fdsm.fudan.edu.cn/AboutUs/preview.html?uid=46711
132,戴伟辉,https://www.fdsm.fudan.edu.cn/AboutUs/preview.html?uid=1793
133,窦一凡,https://www.fdsm.fudan.edu.cn/AboutUs/preview.html?uid=145330
134,傅烨,https://www.fdsm.fudan.edu.cn/AboutUs/preview.html?uid=1871
135,黄丽华,https://www.fdsm.fudan.edu.cn/AboutUs/preview.html?uid=38
136,李根,https://www.fdsm.fudan.edu.cn/AboutUs/preview.html?uid=172922
137,李文文,https://www.fdsm.fudan.edu.cn/AboutUs/preview.html?uid=172923
138,凌鸿,https://www.fdsm.fudan.edu.cn/AboutUs/preview.html?uid=1816
139,刘杰,https://www.fdsm.fudan.edu.cn/AboutUs/preview.html?uid=2527
140,卢向华,https://www.fdsm.fudan.edu.cn/AboutUs/preview.html?uid=16132
141,屈锗,https://www.fdsm.fudan.edu.cn/AboutUs/preview.html?uid=118717
142,孙海,https://www.fdsm.fudan.edu.cn/AboutUs/preview.html?uid=1877
143,王有为,https://www.fdsm.fudan.edu.cn/AboutUs/preview.html?uid=16133
144,卫学启,https://www.fdsm.fudan.edu.cn/AboutUs/preview.html?uid=111839
145,胥正川,https://www.fdsm.fudan.edu.cn/AboutUs/preview.html?uid=16134
146,徐云杰,https://www.fdsm.fudan.edu.cn/AboutUs/preview.html?uid=120780
147,许博,https://www.fdsm.fudan.edu.cn/AboutUs/preview.html?uid=66473
148,张成洪,https://www.fdsm.fudan.edu.cn/AboutUs/preview.html?uid=1859
149,张诚,https://www.fdsm.fudan.edu.cn/AboutUs/preview.html?uid=3622
150,张妮拉,https://www.fdsm.fudan.edu.cn/AboutUs/preview.html?uid=171432
151,,https://www.fdsm.fudan.edu.cn/AboutUs/preview.html?uid=1794
152,,https://www.fdsm.fudan.edu.cn/AboutUs/preview.html?uid=160528
153,,https://www.fdsm.fudan.edu.cn/AboutUs/preview.html?uid=1
154,,https://www.fdsm.fudan.edu.cn/AboutUs/preview.html?uid=1810
155,,https://www.fdsm.fudan.edu.cn/AboutUs/preview.html?uid=172921
156,,https://www.fdsm.fudan.edu.cn/AboutUs/preview.html?uid=121356
157,,https://www.fdsm.fudan.edu.cn/AboutUs/preview.html?uid=119014
158,,https://www.fdsm.fudan.edu.cn/AboutUs/preview.html?uid=119396
159,,https://www.fdsm.fudan.edu.cn/AboutUs/preview.html?uid=46709
160,,https://www.fdsm.fudan.edu.cn/AboutUs/preview.html?uid=1842
161,,https://www.fdsm.fudan.edu.cn/AboutUs/preview.html?uid=139822
162,,https://www.fdsm.fudan.edu.cn/AboutUs/preview.html?uid=1821
163,,https://www.fdsm.fudan.edu.cn/AboutUs/preview.html?uid=1825
164,,https://www.fdsm.fudan.edu.cn/AboutUs/preview.html?uid=3462
165,,https://www.fdsm.fudan.edu.cn/AboutUs/preview.html?uid=14300
166,,https://www.fdsm.fudan.edu.cn/AboutUs/preview.html?uid=91947
167,,https://www.fdsm.fudan.edu.cn/AboutUs/preview.html?uid=164011
168,,https://www.fdsm.fudan.edu.cn/AboutUs/preview.html?uid=91946
169,,https://www.fdsm.fudan.edu.cn/AboutUs/preview.html?uid=60894
170,,https://www.fdsm.fudan.edu.cn/AboutUs/preview.html?uid=3038
171,,https://www.fdsm.fudan.edu.cn/AboutUs/preview.html?uid=1875
172,,https://www.fdsm.fudan.edu.cn/AboutUs/preview.html?uid=164016
173,,https://www.fdsm.fudan.edu.cn/AboutUs/preview.html?uid=127528
174,,https://www.fdsm.fudan.edu.cn/AboutUs/preview.html?uid=1843
175,,https://www.fdsm.fudan.edu.cn/AboutUs/preview.html?uid=138753
176,,https://www.fdsm.fudan.edu.cn/AboutUs/preview.html?uid=1861
177,,https://www.fdsm.fudan.edu.cn/AboutUs/preview.html?uid=91953
178,,https://www.fdsm.fudan.edu.cn/AboutUs/preview.html?uid=16127
179,,https://www.fdsm.fudan.edu.cn/AboutUs/preview.html?uid=1801
180,,https://www.fdsm.fudan.edu.cn/AboutUs/preview.html?uid=170500
181,,https://www.fdsm.fudan.edu.cn/AboutUs/preview.html?uid=36671
182,,https://www.fdsm.fudan.edu.cn/AboutUs/preview.html?uid=152153
183,,https://www.fdsm.fudan.edu.cn/AboutUs/preview.html?uid=91954
184,,https://www.fdsm.fudan.edu.cn/AboutUs/preview.html?uid=121355
185,,https://www.fdsm.fudan.edu.cn/AboutUs/preview.html?uid=1814
186,,https://www.fdsm.fudan.edu.cn/AboutUs/preview.html?uid=1815
187,,https://www.fdsm.fudan.edu.cn/AboutUs/preview.html?uid=167492
188,,https://www.fdsm.fudan.edu.cn/AboutUs/preview.html?uid=1851
189,,https://www.fdsm.fudan.edu.cn/AboutUs/preview.html?uid=2963
190,,https://www.fdsm.fudan.edu.cn/AboutUs/preview.html?uid=16130
191,,https://www.fdsm.fudan.edu.cn/AboutUs/preview.html?uid=56189
192,,https://www.fdsm.fudan.edu.cn/AboutUs/preview.html?uid=147074
193,,https://www.fdsm.fudan.edu.cn/AboutUs/preview.html?uid=1808
194,,https://www.fdsm.fudan.edu.cn/AboutUs/preview.html?uid=68726
195,,https://www.fdsm.fudan.edu.cn/AboutUs/preview.html?uid=13
196,,https://www.fdsm.fudan.edu.cn/AboutUs/preview.html?uid=91949
197,,https://www.fdsm.fudan.edu.cn/AboutUs/preview.html?uid=141685
198,,https://www.fdsm.fudan.edu.cn/AboutUs/preview.html?uid=152703
199,,https://www.fdsm.fudan.edu.cn/AboutUs/preview.html?uid=91951
200,,https://www.fdsm.fudan.edu.cn/AboutUs/preview.html?uid=118718
201,,https://www.fdsm.fudan.edu.cn/AboutUs/preview.html?uid=1862
202,,https://www.fdsm.fudan.edu.cn/AboutUs/preview.html?uid=1863
203,,https://www.fdsm.fudan.edu.cn/AboutUs/preview.html?uid=46711
204,,https://www.fdsm.fudan.edu.cn/AboutUs/preview.html?uid=1793
205,,https://www.fdsm.fudan.edu.cn/AboutUs/preview.html?uid=145330
206,,https://www.fdsm.fudan.edu.cn/AboutUs/preview.html?uid=38
207,,https://www.fdsm.fudan.edu.cn/AboutUs/preview.html?uid=1816
208,,https://www.fdsm.fudan.edu.cn/AboutUs/preview.html?uid=2527
209,,https://www.fdsm.fudan.edu.cn/AboutUs/preview.html?uid=16132
210,,https://www.fdsm.fudan.edu.cn/AboutUs/preview.html?uid=16133
211,,https://www.fdsm.fudan.edu.cn/AboutUs/preview.html?uid=120780
212,,https://www.fdsm.fudan.edu.cn/AboutUs/preview.html?uid=1859
213,,https://www.fdsm.fudan.edu.cn/AboutUs/preview.html?uid=3622
214,,https://www.fdsm.fudan.edu.cn/AboutUs/preview.html?uid=1794
215,,https://www.fdsm.fudan.edu.cn/AboutUs/preview.html?uid=160528
216,,https://www.fdsm.fudan.edu.cn/AboutUs/preview.html?uid=1
217,,https://www.fdsm.fudan.edu.cn/AboutUs/preview.html?uid=1810
218,,https://www.fdsm.fudan.edu.cn/AboutUs/preview.html?uid=172921
219,,https://www.fdsm.fudan.edu.cn/AboutUs/preview.html?uid=119014
220,,https://www.fdsm.fudan.edu.cn/AboutUs/preview.html?uid=119396
221,,https://www.fdsm.fudan.edu.cn/AboutUs/preview.html?uid=46709
222,,https://www.fdsm.fudan.edu.cn/AboutUs/preview.html?uid=3039
223,,https://www.fdsm.fudan.edu.cn/AboutUs/preview.html?uid=1842
224,,https://www.fdsm.fudan.edu.cn/AboutUs/preview.html?uid=139822
225,,https://www.fdsm.fudan.edu.cn/AboutUs/preview.html?uid=1821
226,,https://www.fdsm.fudan.edu.cn/AboutUs/preview.html?uid=1825
227,,https://www.fdsm.fudan.edu.cn/AboutUs/preview.html?uid=3462
228,,https://www.fdsm.fudan.edu.cn/AboutUs/preview.html?uid=14300
229,,https://www.fdsm.fudan.edu.cn/AboutUs/preview.html?uid=91947
230,,https://www.fdsm.fudan.edu.cn/AboutUs/preview.html?uid=164011
231,,https://www.fdsm.fudan.edu.cn/AboutUs/preview.html?uid=60894
232,,https://www.fdsm.fudan.edu.cn/AboutUs/preview.html?uid=3038
233,,https://www.fdsm.fudan.edu.cn/AboutUs/preview.html?uid=1875
234,,https://www.fdsm.fudan.edu.cn/AboutUs/preview.html?uid=127528
235,,https://www.fdsm.fudan.edu.cn/AboutUs/preview.html?uid=1843
236,,https://www.fdsm.fudan.edu.cn/AboutUs/preview.html?uid=138753
237,,https://www.fdsm.fudan.edu.cn/AboutUs/preview.html?uid=91953
238,,https://www.fdsm.fudan.edu.cn/AboutUs/preview.html?uid=16127
239,,https://www.fdsm.fudan.edu.cn/AboutUs/preview.html?uid=1801
240,,https://www.fdsm.fudan.edu.cn/AboutUs/preview.html?uid=170500
241,,https://www.fdsm.fudan.edu.cn/AboutUs/preview.html?uid=36671
242,,https://www.fdsm.fudan.edu.cn/AboutUs/preview.html?uid=91954
243,,https://www.fdsm.fudan.edu.cn/AboutUs/preview.html?uid=1814
244,,https://www.fdsm.fudan.edu.cn/AboutUs/preview.html?uid=1815
245,,https://www.fdsm.fudan.edu.cn/AboutUs/preview.html?uid=1851
246,,https://www.fdsm.fudan.edu.cn/AboutUs/preview.html?uid=2963
247,,https://www.fdsm.fudan.edu.cn/AboutUs/preview.html?uid=16130
248,,https://www.fdsm.fudan.edu.cn/AboutUs/preview.html?uid=56189
249,,https://www.fdsm.fudan.edu.cn/AboutUs/preview.html?uid=147074
250,,https://www.fdsm.fudan.edu.cn/AboutUs/preview.html?uid=1808
251,,https://www.fdsm.fudan.edu.cn/AboutUs/preview.html?uid=68726
252,,https://www.fdsm.fudan.edu.cn/AboutUs/preview.html?uid=13
253,,https://www.fdsm.fudan.edu.cn/AboutUs/preview.html?uid=91949
254,,https://www.fdsm.fudan.edu.cn/AboutUs/preview.html?uid=152703
255,,https://www.fdsm.fudan.edu.cn/AboutUs/preview.html?uid=91951
256,,https://www.fdsm.fudan.edu.cn/AboutUs/preview.html?uid=118718
257,,https://www.fdsm.fudan.edu.cn/AboutUs/preview.html?uid=1862
258,,https://www.fdsm.fudan.edu.cn/AboutUs/preview.html?uid=1863
259,,https://www.fdsm.fudan.edu.cn/AboutUs/preview.html?uid=46711
260,,https://www.fdsm.fudan.edu.cn/AboutUs/preview.html?uid=1793
261,,https://www.fdsm.fudan.edu.cn/AboutUs/preview.html?uid=38
262,,https://www.fdsm.fudan.edu.cn/AboutUs/preview.html?uid=1816
263,,https://www.fdsm.fudan.edu.cn/AboutUs/preview.html?uid=2527
264,,https://www.fdsm.fudan.edu.cn/AboutUs/preview.html?uid=16132
265,,https://www.fdsm.fudan.edu.cn/AboutUs/preview.html?uid=16133
266,,https://www.fdsm.fudan.edu.cn/AboutUs/preview.html?uid=120780
267,,https://www.fdsm.fudan.edu.cn/AboutUs/preview.html?uid=1859
268,,https://www.fdsm.fudan.edu.cn/AboutUs/preview.html?uid=3622
269,,https://www.fdsm.fudan.edu.cn/AboutUs/preview.html?uid=1795
270,,https://www.fdsm.fudan.edu.cn/AboutUs/preview.html?uid=1802
271,,https://www.fdsm.fudan.edu.cn/AboutUs/preview.html?uid=1806
272,,https://www.fdsm.fudan.edu.cn/AboutUs/preview.html?uid=121356
273,,https://www.fdsm.fudan.edu.cn/AboutUs/preview.html?uid=1841
274,,https://www.fdsm.fudan.edu.cn/AboutUs/preview.html?uid=135719
275,,https://www.fdsm.fudan.edu.cn/AboutUs/preview.html?uid=1887
276,,https://www.fdsm.fudan.edu.cn/AboutUs/preview.html?uid=131152
277,,https://www.fdsm.fudan.edu.cn/AboutUs/preview.html?uid=3635
278,,https://www.fdsm.fudan.edu.cn/AboutUs/preview.html?uid=3047
279,,https://www.fdsm.fudan.edu.cn/AboutUs/preview.html?uid=57427
280,,https://www.fdsm.fudan.edu.cn/AboutUs/preview.html?uid=36578
281,,https://www.fdsm.fudan.edu.cn/AboutUs/preview.html?uid=91991
282,,https://www.fdsm.fudan.edu.cn/AboutUs/preview.html?uid=14414
283,,https://www.fdsm.fudan.edu.cn/AboutUs/preview.html?uid=3449
284,,https://www.fdsm.fudan.edu.cn/AboutUs/preview.html?uid=164016
285,,https://www.fdsm.fudan.edu.cn/AboutUs/preview.html?uid=1879
286,,https://www.fdsm.fudan.edu.cn/AboutUs/preview.html?uid=1852
287,,https://www.fdsm.fudan.edu.cn/AboutUs/preview.html?uid=23
288,,https://www.fdsm.fudan.edu.cn/AboutUs/preview.html?uid=1858
289,,https://www.fdsm.fudan.edu.cn/AboutUs/preview.html?uid=14
290,,https://www.fdsm.fudan.edu.cn/AboutUs/preview.html?uid=57426
291,,https://www.fdsm.fudan.edu.cn/AboutUs/preview.html?uid=1873
292,,https://www.fdsm.fudan.edu.cn/AboutUs/preview.html?uid=152153
293,,https://www.fdsm.fudan.edu.cn/AboutUs/preview.html?uid=4
294,,https://www.fdsm.fudan.edu.cn/AboutUs/preview.html?uid=111838
295,,https://www.fdsm.fudan.edu.cn/AboutUs/preview.html?uid=57560
296,,https://www.fdsm.fudan.edu.cn/AboutUs/preview.html?uid=1844
297,,https://www.fdsm.fudan.edu.cn/AboutUs/preview.html?uid=121355
298,,https://www.fdsm.fudan.edu.cn/AboutUs/preview.html?uid=146988
299,,https://www.fdsm.fudan.edu.cn/AboutUs/preview.html?uid=133520
300,,https://www.fdsm.fudan.edu.cn/AboutUs/preview.html?uid=138752
301,,https://www.fdsm.fudan.edu.cn/AboutUs/preview.html?uid=1820
302,,https://www.fdsm.fudan.edu.cn/AboutUs/preview.html?uid=167492
303,,https://www.fdsm.fudan.edu.cn/AboutUs/preview.html?uid=16129
304,,https://www.fdsm.fudan.edu.cn/AboutUs/preview.html?uid=132862
305,,https://www.fdsm.fudan.edu.cn/AboutUs/preview.html?uid=57229
306,,https://www.fdsm.fudan.edu.cn/AboutUs/preview.html?uid=131129
307,,https://www.fdsm.fudan.edu.cn/AboutUs/preview.html?uid=149840
308,,https://www.fdsm.fudan.edu.cn/AboutUs/preview.html?uid=1883
309,,https://www.fdsm.fudan.edu.cn/AboutUs/preview.html?uid=1855
310,,https://www.fdsm.fudan.edu.cn/AboutUs/preview.html?uid=85324
311,,https://www.fdsm.fudan.edu.cn/AboutUs/preview.html?uid=1889
312,,https://www.fdsm.fudan.edu.cn/AboutUs/preview.html?uid=116956
313,,https://www.fdsm.fudan.edu.cn/AboutUs/preview.html?uid=85339
314,,https://www.fdsm.fudan.edu.cn/AboutUs/preview.html?uid=1817
315,,https://www.fdsm.fudan.edu.cn/AboutUs/preview.html?uid=31
316,,https://www.fdsm.fudan.edu.cn/AboutUs/preview.html?uid=137955
317,,https://www.fdsm.fudan.edu.cn/AboutUs/preview.html?uid=149761
318,,https://www.fdsm.fudan.edu.cn/AboutUs/preview.html?uid=1886
319,,https://www.fdsm.fudan.edu.cn/AboutUs/preview.html?uid=56083
320,,https://www.fdsm.fudan.edu.cn/AboutUs/preview.html?uid=138936
321,,https://www.fdsm.fudan.edu.cn/AboutUs/preview.html?uid=1827
322,,https://www.fdsm.fudan.edu.cn/AboutUs/preview.html?uid=141685
323,,https://www.fdsm.fudan.edu.cn/AboutUs/preview.html?uid=16131
324,,https://www.fdsm.fudan.edu.cn/AboutUs/preview.html?uid=1890
325,,https://www.fdsm.fudan.edu.cn/AboutUs/preview.html?uid=145330
326,,https://www.fdsm.fudan.edu.cn/AboutUs/preview.html?uid=1871
327,,https://www.fdsm.fudan.edu.cn/AboutUs/preview.html?uid=118717
328,,https://www.fdsm.fudan.edu.cn/AboutUs/preview.html?uid=111839
329,,https://www.fdsm.fudan.edu.cn/AboutUs/preview.html?uid=16134
330,,https://www.fdsm.fudan.edu.cn/AboutUs/preview.html?uid=66473
